{
  "urls": [
    "ch1.mp3",
    "ch1.ogg",
    "ch1.m4a"
  ],
  "sprite": {
    "silence": [
      0,
      1000,
      true
    ],
    "BetDown": [
      1050,
      1300
    ],
    "Match": [
      3100,
      2280.2721088435374
    ],
    "MatchingSymbolSelect": [
      6150,
      1994.5124716553285
    ],
    "MusicTermLose": [
      8200,
      3400.816326530613
    ],
    "MusicTermWin": [
      12250,
      3987.3696145124704
    ]
  }
}