{
  "urls": [
    "ch2.mp3",
    "ch2.ogg",
    "ch2.m4a"
  ],
  "sprite": {
    "silence": [
      0,
      1000,
      true
    ],
    "BetUp": [
      1050,
      999.9999999999998
    ],
    "Bonus Reveal-win": [
      2099.9999999999995,
      2661.6099773242627
    ],
    "BonusNoWin": [
      5149.999999999999,
      2000
    ],
    "BonusWin": [
      7199.999999999999,
      3754.7619047619046
    ],
    "InstantWin": [
      11250,
      2661.6099773242627
    ],
    "MatchingSymbolSelect_2": [
      14299.999999999998,
      1994.4217687074843
    ]
  }
}