{
  "urls": [
    "ch3.mp3",
    "ch3.ogg",
    "ch3.m4a"
  ],
  "sprite": {
    "silence": [
      0,
      1000,
      true
    ],
    "BetMax": [
      1050,
      2012.1768707482995
    ],
    "MaxBet": [
      4100,
      2012.1768707482995
    ],
    "WinningNumberSelect": [
      7149.999999999999,
      2426.122448979592
    ],
    "YourNumberSelect1": [
      10200,
      2000
    ],
    "YourNumberSelect2": [
      12250,
      1599.9999999999995
    ]
  }
}