{
  "urls": [
    "ch8.mp3",
    "ch8.ogg",
    "ch8.m4a"
  ],
  "sprite": {
    "silence": [
      0,
      1000,
      true
    ],
    "InstantWin": [
      1050,
      2661.6099773242636
    ],
    "PrizeBox_2": [
      4100.000000000001,
      2029.1836734693875
    ]
  }
}