{
  "urls": [
    "ch4.mp3",
    "ch4.ogg",
    "ch4.m4a"
  ],
  "sprite": {
    "silence": [
      0,
      1000,
      true
    ],
    "Click": [
      1050,
      999.9999999999998
    ],
    "YourNumberSelect": [
      2099.9999999999995,
      1600
    ],
    "YourNumberSelect2": [
      4149.999999999999,
      2000.9070294784576
    ]
  }
}