{
  "urls": [
    "ch7.mp3",
    "ch7.ogg",
    "ch7.m4a"
  ],
  "sprite": {
    "silence": [
      0,
      1000,
      true
    ],
    "InstantWin": [
      1050,
      2661.6099773242636
    ],
    "PrizeBox": [
      4100.000000000001,
      2060.498866213152
    ]
  }
}